idx,seq,well,name
TTATGTCTAG,/5Phos/CTCACTGttatgtctagNNNNNNNNNTTTTTTTTTTTTTTTTTTTTTTTTTTTTVN,A01,sciv3-RT-A01
CACCTTGTTT,/5Phos/CTCACTGcaccttgtttNNNNNNNNNTTTTTTTTTTTTTTTTTTTTTTTTTTTTVN,A02,sciv3-RT-A02
GGTCACGTAG,/5Phos/CTCACTGggtcacgtagNNNNNNNNNTTTTTTTTTTTTTTTTTTTTTTTTTTTTVN,A03,sciv3-RT-A03
ACCATTGAAA,/5Phos/CTCACTGaccattgaaaNNNNNNNNNTTTTTTTTTTTTTTTTTTTTTTTTTTTTVN,A04,sciv3-RT-A04
CCTCTAACGT,/5Phos/CTCACTGcctctaacgtNNNNNNNNNTTTTTTTTTTTTTTTTTTTTTTTTTTTTVN,A05,sciv3-RT-A05
AGATTAGTGG,/5Phos/CTCACTGagattagtggNNNNNNNNNTTTTTTTTTTTTTTTTTTTTTTTTTTTTVN,A06,sciv3-RT-A06
AAACCTAGTC,/5Phos/CTCACTGaaacctagtcNNNNNNNNNTTTTTTTTTTTTTTTTTTTTTTTTTTTTVN,A07,sciv3-RT-A07
CAATCACCTT,/5Phos/CTCACTGcaatcaccttNNNNNNNNNTTTTTTTTTTTTTTTTTTTTTTTTTTTTVN,A08,sciv3-RT-A08
CGGCATCCAT,/5Phos/CTCACTGcggcatccatNNNNNNNNNTTTTTTTTTTTTTTTTTTTTTTTTTTTTVN,A09,sciv3-RT-A09
GTAGGATGCA,/5Phos/CTCACTGgtaggatgcaNNNNNNNNNTTTTTTTTTTTTTTTTTTTTTTTTTTTTVN,A10,sciv3-RT-A10
CATTCCTATT,/5Phos/CTCACTGcattcctattNNNNNNNNNTTTTTTTTTTTTTTTTTTTTTTTTTTTTVN,A11,sciv3-RT-A11
CGTCCGTACT,/5Phos/CTCACTGcgtccgtactNNNNNNNNNTTTTTTTTTTTTTTTTTTTTTTTTTTTTVN,A12,sciv3-RT-A12
TGGCACTCAA,/5Phos/CTCACTGtggcactcaaNNNNNNNNNTTTTTTTTTTTTTTTTTTTTTTTTTTTTVN,B01,sciv3-RT-B01
ATCTGCATCG,/5Phos/CTCACTGatctgcatcgNNNNNNNNNTTTTTTTTTTTTTTTTTTTTTTTTTTTTVN,B02,sciv3-RT-B02
TCTCCTCGTG,/5Phos/CTCACTGtctcctcgtgNNNNNNNNNTTTTTTTTTTTTTTTTTTTTTTTTTTTTVN,B03,sciv3-RT-B03
TCGTACTAGC,/5Phos/CTCACTGtcgtactagcNNNNNNNNNTTTTTTTTTTTTTTTTTTTTTTTTTTTTVN,B04,sciv3-RT-B04
TAAATAGAGG,/5Phos/CTCACTGtaaatagaggNNNNNNNNNTTTTTTTTTTTTTTTTTTTTTTTTTTTTVN,B05,sciv3-RT-B05
TTCCGAGCTC,/5Phos/CTCACTGttccgagctcNNNNNNNNNTTTTTTTTTTTTTTTTTTTTTTTTTTTTVN,B06,sciv3-RT-B06
TCATCGCGAG,/5Phos/CTCACTGtcatcgcgagNNNNNNNNNTTTTTTTTTTTTTTTTTTTTTTTTTTTTVN,B07,sciv3-RT-B07
TCCTAGGCCT,/5Phos/CTCACTGtcctaggcctNNNNNNNNNTTTTTTTTTTTTTTTTTTTTTTTTTTTTVN,B08,sciv3-RT-B08
CGAAGTACTC,/5Phos/CTCACTGcgaagtactcNNNNNNNNNTTTTTTTTTTTTTTTTTTTTTTTTTTTTVN,B09,sciv3-RT-B09
ATAGTGCCGT,/5Phos/CTCACTGatagtgccgtNNNNNNNNNTTTTTTTTTTTTTTTTTTTTTTTTTTTTVN,B10,sciv3-RT-B10
TAGCGGTCCA,/5Phos/CTCACTGtagcggtccaNNNNNNNNNTTTTTTTTTTTTTTTTTTTTTTTTTTTTVN,B11,sciv3-RT-B11
CGCTTACAGT,/5Phos/CTCACTGcgcttacagtNNNNNNNNNTTTTTTTTTTTTTTTTTTTTTTTTTTTTVN,B12,sciv3-RT-B12
CCTCGTCTCT,/5Phos/CTCACTGcctcgtctctNNNNNNNNNTTTTTTTTTTTTTTTTTTTTTTTTTTTTVN,C01,sciv3-RT-C01
GCCTGAGGTA,/5Phos/CTCACTGgcctgaggtaNNNNNNNNNTTTTTTTTTTTTTTTTTTTTTTTTTTTTVN,C02,sciv3-RT-C02
GCATTAAACA,/5Phos/CTCACTGgcattaaacaNNNNNNNNNTTTTTTTTTTTTTTTTTTTTTTTTTTTTVN,C03,sciv3-RT-C03
CAAACTTAAG,/5Phos/CTCACTGcaaacttaagNNNNNNNNNTTTTTTTTTTTTTTTTTTTTTTTTTTTTVN,C04,sciv3-RT-C04
GCACAAATTG,/5Phos/CTCACTGgcacaaattgNNNNNNNNNTTTTTTTTTTTTTTTTTTTTTTTTTTTTVN,C05,sciv3-RT-C05
TTAGGTTTGA,/5Phos/CTCACTGttaggtttgaNNNNNNNNNTTTTTTTTTTTTTTTTTTTTTTTTTTTTVN,C06,sciv3-RT-C06
TCTAAGGAAT,/5Phos/CTCACTGtctaaggaatNNNNNNNNNTTTTTTTTTTTTTTTTTTTTTTTTTTTTVN,C07,sciv3-RT-C07
AAGGCTAGAT,/5Phos/CTCACTGaaggctagatNNNNNNNNNTTTTTTTTTTTTTTTTTTTTTTTTTTTTVN,C08,sciv3-RT-C08
GATCAGCAAG,/5Phos/CTCACTGgatcagcaagNNNNNNNNNTTTTTTTTTTTTTTTTTTTTTTTTTTTTVN,C09,sciv3-RT-C09
GGTTGCAGTA,/5Phos/CTCACTGggttgcagtaNNNNNNNNNTTTTTTTTTTTTTTTTTTTTTTTTTTTTVN,C10,sciv3-RT-C10
ACGCGATCTC,/5Phos/CTCACTGacgcgatctcNNNNNNNNNTTTTTTTTTTTTTTTTTTTTTTTTTTTTVN,C11,sciv3-RT-C11
GTCAATTGCG,/5Phos/CTCACTGgtcaattgcgNNNNNNNNNTTTTTTTTTTTTTTTTTTTTTTTTTTTTVN,C12,sciv3-RT-C12
GAGCAATGTT,/5Phos/CTCACTGgagcaatgttNNNNNNNNNTTTTTTTTTTTTTTTTTTTTTTTTTTTTVN,D01,sciv3-RT-D01
AGTCCAGTTG,/5Phos/CTCACTGagtccagttgNNNNNNNNNTTTTTTTTTTTTTTTTTTTTTTTTTTTTVN,D02,sciv3-RT-D02
CATAGTTGGA,/5Phos/CTCACTGcatagttggaNNNNNNNNNTTTTTTTTTTTTTTTTTTTTTTTTTTTTVN,D03,sciv3-RT-D03
CTGTGGAAGC,/5Phos/CTCACTGctgtggaagcNNNNNNNNNTTTTTTTTTTTTTTTTTTTTTTTTTTTTVN,D04,sciv3-RT-D04
CGGATTATAG,/5Phos/CTCACTGcggattatagNNNNNNNNNTTTTTTTTTTTTTTTTTTTTTTTTTTTTVN,D05,sciv3-RT-D05
CCAACAAGAC,/5Phos/CTCACTGccaacaagacNNNNNNNNNTTTTTTTTTTTTTTTTTTTTTTTTTTTTVN,D06,sciv3-RT-D06
GACGCTTATT,/5Phos/CTCACTGgacgcttattNNNNNNNNNTTTTTTTTTTTTTTTTTTTTTTTTTTTTVN,D07,sciv3-RT-D07
GGTTTGAATC,/5Phos/CTCACTGggtttgaatcNNNNNNNNNTTTTTTTTTTTTTTTTTTTTTTTTTTTTVN,D08,sciv3-RT-D08
TTGCTCTGTA,/5Phos/CTCACTGttgctctgtaNNNNNNNNNTTTTTTTTTTTTTTTTTTTTTTTTTTTTVN,D09,sciv3-RT-D09
ATGATTAAGC,/5Phos/CTCACTGatgattaagcNNNNNNNNNTTTTTTTTTTTTTTTTTTTTTTTTTTTTVN,D10,sciv3-RT-D10
ATGACTTCGT,/5Phos/CTCACTGatgacttcgtNNNNNNNNNTTTTTTTTTTTTTTTTTTTTTTTTTTTTVN,D11,sciv3-RT-D11
AAGGAGCTGA,/5Phos/CTCACTGaaggagctgaNNNNNNNNNTTTTTTTTTTTTTTTTTTTTTTTTTTTTVN,D12,sciv3-RT-D12
AGAGCACGGT,/5Phos/CTCACTGagagcacggtNNNNNNNNNTTTTTTTTTTTTTTTTTTTTTTTTTTTTVN,E01,sciv3-RT-E01
ATCTTGGTAG,/5Phos/CTCACTGatcttggtagNNNNNNNNNTTTTTTTTTTTTTTTTTTTTTTTTTTTTVN,E02,sciv3-RT-E02
ACTTGGCCTG,/5Phos/CTCACTGacttggcctgNNNNNNNNNTTTTTTTTTTTTTTTTTTTTTTTTTTTTVN,E03,sciv3-RT-E03
AAGCGAAATG,/5Phos/CTCACTGaagcgaaatgNNNNNNNNNTTTTTTTTTTTTTTTTTTTTTTTTTTTTVN,E04,sciv3-RT-E04
ACCGCGCATA,/5Phos/CTCACTGaccgcgcataNNNNNNNNNTTTTTTTTTTTTTTTTTTTTTTTTTTTTVN,E05,sciv3-RT-E05
TAATTCCTCT,/5Phos/CTCACTGtaattcctctNNNNNNNNNTTTTTTTTTTTTTTTTTTTTTTTTTTTTVN,E06,sciv3-RT-E06
AGCTACCAAG,/5Phos/CTCACTGagctaccaagNNNNNNNNNTTTTTTTTTTTTTTTTTTTTTTTTTTTTVN,E07,sciv3-RT-E07
ATCGAAACGG,/5Phos/CTCACTGatcgaaacggNNNNNNNNNTTTTTTTTTTTTTTTTTTTTTTTTTTTTVN,E08,sciv3-RT-E08
GCCTTCTAAA,/5Phos/CTCACTGgccttctaaaNNNNNNNNNTTTTTTTTTTTTTTTTTTTTTTTTTTTTVN,E09,sciv3-RT-E09
CTTTGCGTAT,/5Phos/CTCACTGctttgcgtatNNNNNNNNNTTTTTTTTTTTTTTTTTTTTTTTTTTTTVN,E10,sciv3-RT-E10
GTTGTCGGCA,/5Phos/CTCACTGgttgtcggcaNNNNNNNNNTTTTTTTTTTTTTTTTTTTTTTTTTTTTVN,E11,sciv3-RT-E11
GGCTGAACCA,/5Phos/CTCACTGggctgaaccaNNNNNNNNNTTTTTTTTTTTTTTTTTTTTTTTTTTTTVN,E12,sciv3-RT-E12
AAGTACGCCT,/5Phos/CTCACTGaagtacgcctNNNNNNNNNTTTTTTTTTTTTTTTTTTTTTTTTTTTTVN,F01,sciv3-RT-F01
CGAGTCAACT,/5Phos/CTCACTGcgagtcaactNNNNNNNNNTTTTTTTTTTTTTTTTTTTTTTTTTTTTVN,F02,sciv3-RT-F02
TTATAACCGA,/5Phos/CTCACTGttataaccgaNNNNNNNNNTTTTTTTTTTTTTTTTTTTTTTTTTTTTVN,F03,sciv3-RT-F03
AGCCTCATAG,/5Phos/CTCACTGagcctcatagNNNNNNNNNTTTTTTTTTTTTTTTTTTTTTTTTTTTTVN,F04,sciv3-RT-F04
TCTCAAGTCA,/5Phos/CTCACTGtctcaagtcaNNNNNNNNNTTTTTTTTTTTTTTTTTTTTTTTTTTTTVN,F05,sciv3-RT-F05
CAATAGAGAA,/5Phos/CTCACTGcaatagagaaNNNNNNNNNTTTTTTTTTTTTTTTTTTTTTTTTTTTTVN,F06,sciv3-RT-F06
GAAGATGGCG,/5Phos/CTCACTGgaagatggcgNNNNNNNNNTTTTTTTTTTTTTTTTTTTTTTTTTTTTVN,F07,sciv3-RT-F07
AAATGTCTGT,/5Phos/CTCACTGaaatgtctgtNNNNNNNNNTTTTTTTTTTTTTTTTTTTTTTTTTTTTVN,F08,sciv3-RT-F08
GAGCGTTAAG,/5Phos/CTCACTGgagcgttaagNNNNNNNNNTTTTTTTTTTTTTTTTTTTTTTTTTTTTVN,F09,sciv3-RT-F09
TGAAAGTTCT,/5Phos/CTCACTGtgaaagttctNNNNNNNNNTTTTTTTTTTTTTTTTTTTTTTTTTTTTVN,F10,sciv3-RT-F10
CCAGGTCCTT,/5Phos/CTCACTGccaggtccttNNNNNNNNNTTTTTTTTTTTTTTTTTTTTTTTTTTTTVN,F11,sciv3-RT-F11
CTAATCTCAA,/5Phos/CTCACTGctaatctcaaNNNNNNNNNTTTTTTTTTTTTTTTTTTTTTTTTTTTTVN,F12,sciv3-RT-F12
ACACACGATC,/5Phos/CTCACTGacacacgatcNNNNNNNNNTTTTTTTTTTTTTTTTTTTTTTTTTTTTVN,G01,sciv3-RT-G01
ATTCGTCGAT,/5Phos/CTCACTGattcgtcgatNNNNNNNNNTTTTTTTTTTTTTTTTTTTTTTTTTTTTVN,G02,sciv3-RT-G02
TCATGTTCGG,/5Phos/CTCACTGtcatgttcggNNNNNNNNNTTTTTTTTTTTTTTTTTTTTTTTTTTTTVN,G03,sciv3-RT-G03
CTTACTGAAT,/5Phos/CTCACTGcttactgaatNNNNNNNNNTTTTTTTTTTTTTTTTTTTTTTTTTTTTVN,G04,sciv3-RT-G04
AGGCTTGTGT,/5Phos/CTCACTGaggcttgtgtNNNNNNNNNTTTTTTTTTTTTTTTTTTTTTTTTTTTTVN,G05,sciv3-RT-G05
AGCTGTTGTT,/5Phos/CTCACTGagctgttgttNNNNNNNNNTTTTTTTTTTTTTTTTTTTTTTTTTTTTVN,G06,sciv3-RT-G06
GTTCCTCACG,/5Phos/CTCACTGgttcctcacgNNNNNNNNNTTTTTTTTTTTTTTTTTTTTTTTTTTTTVN,G07,sciv3-RT-G07
CAAAGCCTGC,/5Phos/CTCACTGcaaagcctgcNNNNNNNNNTTTTTTTTTTTTTTTTTTTTTTTTTTTTVN,G08,sciv3-RT-G08
CAACTTGCAA,/5Phos/CTCACTGcaacttgcaaNNNNNNNNNTTTTTTTTTTTTTTTTTTTTTTTTTTTTVN,G09,sciv3-RT-G09
CGACCTCTTA,/5Phos/CTCACTGcgacctcttaNNNNNNNNNTTTTTTTTTTTTTTTTTTTTTTTTTTTTVN,G10,sciv3-RT-G10
GTCTCTCCGA,/5Phos/CTCACTGgtctctccgaNNNNNNNNNTTTTTTTTTTTTTTTTTTTTTTTTTTTTVN,G11,sciv3-RT-G11
TAAGTTTCAG,/5Phos/CTCACTGtaagtttcagNNNNNNNNNTTTTTTTTTTTTTTTTTTTTTTTTTTTTVN,G12,sciv3-RT-G12
ACAAGCCTAG,/5Phos/CTCACTGacaagcctagNNNNNNNNNTTTTTTTTTTTTTTTTTTTTTTTTTTTTVN,H01,sciv3-RT-H01
ACAGTCACGC,/5Phos/CTCACTGacagtcacgcNNNNNNNNNTTTTTTTTTTTTTTTTTTTTTTTTTTTTVN,H02,sciv3-RT-H02
GGCAGACCTT,/5Phos/CTCACTGggcagaccttNNNNNNNNNTTTTTTTTTTTTTTTTTTTTTTTTTTTTVN,H03,sciv3-RT-H03
CACGGTGATG,/5Phos/CTCACTGcacggtgatgNNNNNNNNNTTTTTTTTTTTTTTTTTTTTTTTTTTTTVN,H04,sciv3-RT-H04
TACCGCTACT,/5Phos/CTCACTGtaccgctactNNNNNNNNNTTTTTTTTTTTTTTTTTTTTTTTTTTTTVN,H05,sciv3-RT-H05
GACGCAATAA,/5Phos/CTCACTGgacgcaataaNNNNNNNNNTTTTTTTTTTTTTTTTTTTTTTTTTTTTVN,H06,sciv3-RT-H06
TCGTGGCAGT,/5Phos/CTCACTGtcgtggcagtNNNNNNNNNTTTTTTTTTTTTTTTTTTTTTTTTTTTTVN,H07,sciv3-RT-H07
GATCTTCGTT,/5Phos/CTCACTGgatcttcgttNNNNNNNNNTTTTTTTTTTTTTTTTTTTTTTTTTTTTVN,H08,sciv3-RT-H08
GATTCTCTTC,/5Phos/CTCACTGgattctcttcNNNNNNNNNTTTTTTTTTTTTTTTTTTTTTTTTTTTTVN,H09,sciv3-RT-H09
CGACGAGAAA,/5Phos/CTCACTGcgacgagaaaNNNNNNNNNTTTTTTTTTTTTTTTTTTTTTTTTTTTTVN,H10,sciv3-RT-H10
ATAAGGAGTT,/5Phos/CTCACTGataaggagttNNNNNNNNNTTTTTTTTTTTTTTTTTTTTTTTTTTTTVN,H11,sciv3-RT-H11
CCGACCGTTT,/5Phos/CTCACTGccgaccgtttNNNNNNNNNTTTTTTTTTTTTTTTTTTTTTTTTTTTTVN,H12,sciv3-RT-H12
