idx,well,seq,name
TTTCCATGTC,A01,CAACCGTACCGCTTGCTTACCtttccatgtcGTGACTGGAGTTCCTTGGC,sciv3-P7adt-A01
AATACCAAGC,A02,CAACCGTACCGCTTGCTTACCaataccaagcGTGACTGGAGTTCCTTGGC,sciv3-P7adt-A02
TGACCAAGAT,A03,CAACCGTACCGCTTGCTTACCtgaccaagatGTGACTGGAGTTCCTTGGC,sciv3-P7adt-A03
AAGAGCGTGA,A04,CAACCGTACCGCTTGCTTACCaagagcgtgaGTGACTGGAGTTCCTTGGC,sciv3-P7adt-A04
TAGCAGCACG,A05,CAACCGTACCGCTTGCTTACCtagcagcacgGTGACTGGAGTTCCTTGGC,sciv3-P7adt-A05
ACGGCGATAC,A06,CAACCGTACCGCTTGCTTACCacggcgatacGTGACTGGAGTTCCTTGGC,sciv3-P7adt-A06
AAACGATTAC,A07,CAACCGTACCGCTTGCTTACCaaacgattacGTGACTGGAGTTCCTTGGC,sciv3-P7adt-A07
AAACCTCGAG,A08,CAACCGTACCGCTTGCTTACCaaacctcgagGTGACTGGAGTTCCTTGGC,sciv3-P7adt-A08
TTCAATCGGT,A09,CAACCGTACCGCTTGCTTACCttcaatcggtGTGACTGGAGTTCCTTGGC,sciv3-P7adt-A09
GTCTATCTTC,A10,CAACCGTACCGCTTGCTTACCgtctatcttcGTGACTGGAGTTCCTTGGC,sciv3-P7adt-A10
CTTGAGCAGC,A11,CAACCGTACCGCTTGCTTACCcttgagcagcGTGACTGGAGTTCCTTGGC,sciv3-P7adt-A11
GCATAGACAT,A12,CAACCGTACCGCTTGCTTACCgcatagacatGTGACTGGAGTTCCTTGGC,sciv3-P7adt-A12
GCCGAGCTTT,B01,CAACCGTACCGCTTGCTTACCgccgagctttGTGACTGGAGTTCCTTGGC,sciv3-P7adt-B01
ACACACTGAC,B02,CAACCGTACCGCTTGCTTACCacacactgacGTGACTGGAGTTCCTTGGC,sciv3-P7adt-B02
CTAAGACATT,B03,CAACCGTACCGCTTGCTTACCctaagacattGTGACTGGAGTTCCTTGGC,sciv3-P7adt-B03
ACCTGCATCG,B04,CAACCGTACCGCTTGCTTACCacctgcatcgGTGACTGGAGTTCCTTGGC,sciv3-P7adt-B04
CTTCGAAAGT,B05,CAACCGTACCGCTTGCTTACCcttcgaaagtGTGACTGGAGTTCCTTGGC,sciv3-P7adt-B05
CTGAGTATCT,B06,CAACCGTACCGCTTGCTTACCctgagtatctGTGACTGGAGTTCCTTGGC,sciv3-P7adt-B06
AAGTCGGTGC,B07,CAACCGTACCGCTTGCTTACCaagtcggtgcGTGACTGGAGTTCCTTGGC,sciv3-P7adt-B07
CACCTCGGTA,B08,CAACCGTACCGCTTGCTTACCcacctcggtaGTGACTGGAGTTCCTTGGC,sciv3-P7adt-B08
TTCACAGTTG,B09,CAACCGTACCGCTTGCTTACCttcacagttgGTGACTGGAGTTCCTTGGC,sciv3-P7adt-B09
TCTCTAACCG,B10,CAACCGTACCGCTTGCTTACCtctctaaccgGTGACTGGAGTTCCTTGGC,sciv3-P7adt-B10
GATCGCTGAG,B11,CAACCGTACCGCTTGCTTACCgatcgctgagGTGACTGGAGTTCCTTGGC,sciv3-P7adt-B11
AAAGAGGCCT,B12,CAACCGTACCGCTTGCTTACCaaagaggcctGTGACTGGAGTTCCTTGGC,sciv3-P7adt-B12
TAGCGATCCT,C01,CAACCGTACCGCTTGCTTACCtagcgatcctGTGACTGGAGTTCCTTGGC,sciv3-P7adt-C01
GAGTGTCCTG,C02,CAACCGTACCGCTTGCTTACCgagtgtcctgGTGACTGGAGTTCCTTGGC,sciv3-P7adt-C02
TTTCGGTAGG,C03,CAACCGTACCGCTTGCTTACCtttcggtaggGTGACTGGAGTTCCTTGGC,sciv3-P7adt-C03
AGCAGGTGAT,C04,CAACCGTACCGCTTGCTTACCagcaggtgatGTGACTGGAGTTCCTTGGC,sciv3-P7adt-C04
CGTGTAAGTG,C05,CAACCGTACCGCTTGCTTACCcgtgtaagtgGTGACTGGAGTTCCTTGGC,sciv3-P7adt-C05
CCACTCCTAG,C06,CAACCGTACCGCTTGCTTACCccactcctagGTGACTGGAGTTCCTTGGC,sciv3-P7adt-C06
ATGGTGCGTG,C07,CAACCGTACCGCTTGCTTACCatggtgcgtgGTGACTGGAGTTCCTTGGC,sciv3-P7adt-C07
TTAGCCATGG,C08,CAACCGTACCGCTTGCTTACCttagccatggGTGACTGGAGTTCCTTGGC,sciv3-P7adt-C08
CTACGGATAA,C09,CAACCGTACCGCTTGCTTACCctacggataaGTGACTGGAGTTCCTTGGC,sciv3-P7adt-C09
GCTCCATTCG,C10,CAACCGTACCGCTTGCTTACCgctccattcgGTGACTGGAGTTCCTTGGC,sciv3-P7adt-C10
GAAGGAATTA,C11,CAACCGTACCGCTTGCTTACCgaaggaattaGTGACTGGAGTTCCTTGGC,sciv3-P7adt-C11
AATCTGTCGA,C12,CAACCGTACCGCTTGCTTACCaatctgtcgaGTGACTGGAGTTCCTTGGC,sciv3-P7adt-C12
GTAAGCACTC,D01,CAACCGTACCGCTTGCTTACCgtaagcactcGTGACTGGAGTTCCTTGGC,sciv3-P7adt-D01
CATTAAACGC,D02,CAACCGTACCGCTTGCTTACCcattaaacgcGTGACTGGAGTTCCTTGGC,sciv3-P7adt-D02
TCAGACTCCT,D03,CAACCGTACCGCTTGCTTACCtcagactcctGTGACTGGAGTTCCTTGGC,sciv3-P7adt-D03
CTGTCCATAT,D04,CAACCGTACCGCTTGCTTACCctgtccatatGTGACTGGAGTTCCTTGGC,sciv3-P7adt-D04
TACGCGGAAC,D05,CAACCGTACCGCTTGCTTACCtacgcggaacGTGACTGGAGTTCCTTGGC,sciv3-P7adt-D05
ATTTGAGGTG,D06,CAACCGTACCGCTTGCTTACCatttgaggtgGTGACTGGAGTTCCTTGGC,sciv3-P7adt-D06
GATTTCATGA,D07,CAACCGTACCGCTTGCTTACCgatttcatgaGTGACTGGAGTTCCTTGGC,sciv3-P7adt-D07
GTCTTCAACA,D08,CAACCGTACCGCTTGCTTACCgtcttcaacaGTGACTGGAGTTCCTTGGC,sciv3-P7adt-D08
CACGCTTGCA,D09,CAACCGTACCGCTTGCTTACCcacgcttgcaGTGACTGGAGTTCCTTGGC,sciv3-P7adt-D09
GGTGCAGATA,D10,CAACCGTACCGCTTGCTTACCggtgcagataGTGACTGGAGTTCCTTGGC,sciv3-P7adt-D10
AGACTAACTG,D11,CAACCGTACCGCTTGCTTACCagactaactgGTGACTGGAGTTCCTTGGC,sciv3-P7adt-D11
TATGTGGCGG,D12,CAACCGTACCGCTTGCTTACCtatgtggcggGTGACTGGAGTTCCTTGGC,sciv3-P7adt-D12
TCGTTAGAGT,E01,CAACCGTACCGCTTGCTTACCtcgttagagtGTGACTGGAGTTCCTTGGC,sciv3-P7adt-E01
AGACGACACA,E02,CAACCGTACCGCTTGCTTACCagacgacacaGTGACTGGAGTTCCTTGGC,sciv3-P7adt-E02
AAAGGTTAAG,E03,CAACCGTACCGCTTGCTTACCaaaggttaagGTGACTGGAGTTCCTTGGC,sciv3-P7adt-E03
TCATATTGAG,E04,CAACCGTACCGCTTGCTTACCtcatattgagGTGACTGGAGTTCCTTGGC,sciv3-P7adt-E04
CATGCAGAAT,E05,CAACCGTACCGCTTGCTTACCcatgcagaatGTGACTGGAGTTCCTTGGC,sciv3-P7adt-E05
ACACGCATTT,E06,CAACCGTACCGCTTGCTTACCacacgcatttGTGACTGGAGTTCCTTGGC,sciv3-P7adt-E06
TACCGTCCAC,E07,CAACCGTACCGCTTGCTTACCtaccgtccacGTGACTGGAGTTCCTTGGC,sciv3-P7adt-E07
GCGCTCAGAA,E08,CAACCGTACCGCTTGCTTACCgcgctcagaaGTGACTGGAGTTCCTTGGC,sciv3-P7adt-E08
ATGCAGTCTG,E09,CAACCGTACCGCTTGCTTACCatgcagtctgGTGACTGGAGTTCCTTGGC,sciv3-P7adt-E09
CTCTTCTGAA,E10,CAACCGTACCGCTTGCTTACCctcttctgaaGTGACTGGAGTTCCTTGGC,sciv3-P7adt-E10
TAACTTTCTC,E11,CAACCGTACCGCTTGCTTACCtaactttctcGTGACTGGAGTTCCTTGGC,sciv3-P7adt-E11
TGTTGCACAA,E12,CAACCGTACCGCTTGCTTACCtgttgcacaaGTGACTGGAGTTCCTTGGC,sciv3-P7adt-E12
ATCGGATGCT,F01,CAACCGTACCGCTTGCTTACCatcggatgctGTGACTGGAGTTCCTTGGC,sciv3-P7adt-F01
CTCCACCATT,F02,CAACCGTACCGCTTGCTTACCctccaccattGTGACTGGAGTTCCTTGGC,sciv3-P7adt-F02
ACTTTCAAGG,F03,CAACCGTACCGCTTGCTTACCactttcaaggGTGACTGGAGTTCCTTGGC,sciv3-P7adt-F03
CCGAGAACAC,F04,CAACCGTACCGCTTGCTTACCccgagaacacGTGACTGGAGTTCCTTGGC,sciv3-P7adt-F04
GAAATACGCG,F05,CAACCGTACCGCTTGCTTACCgaaatacgcgGTGACTGGAGTTCCTTGGC,sciv3-P7adt-F05
GCCTACAGCT,F06,CAACCGTACCGCTTGCTTACCgcctacagctGTGACTGGAGTTCCTTGGC,sciv3-P7adt-F06
TGCTCGGCTT,F07,CAACCGTACCGCTTGCTTACCtgctcggcttGTGACTGGAGTTCCTTGGC,sciv3-P7adt-F07
TGGTTTCAAC,F08,CAACCGTACCGCTTGCTTACCtggtttcaacGTGACTGGAGTTCCTTGGC,sciv3-P7adt-F08
ATACCGGACG,F09,CAACCGTACCGCTTGCTTACCataccggacgGTGACTGGAGTTCCTTGGC,sciv3-P7adt-F09
ACTAGGCCAG,F10,CAACCGTACCGCTTGCTTACCactaggccagGTGACTGGAGTTCCTTGGC,sciv3-P7adt-F10
GGCGTTCAGT,F11,CAACCGTACCGCTTGCTTACCggcgttcagtGTGACTGGAGTTCCTTGGC,sciv3-P7adt-F11
GACCTCTTAT,F12,CAACCGTACCGCTTGCTTACCgacctcttatGTGACTGGAGTTCCTTGGC,sciv3-P7adt-F12
GGCTTTGTCA,G01,CAACCGTACCGCTTGCTTACCggctttgtcaGTGACTGGAGTTCCTTGGC,sciv3-P7adt-G01
ACAACGAGCA,G02,CAACCGTACCGCTTGCTTACCacaacgagcaGTGACTGGAGTTCCTTGGC,sciv3-P7adt-G02
AACACATCGC,G03,CAACCGTACCGCTTGCTTACCaacacatcgcGTGACTGGAGTTCCTTGGC,sciv3-P7adt-G03
CAGCTTTCGG,G04,CAACCGTACCGCTTGCTTACCcagctttcggGTGACTGGAGTTCCTTGGC,sciv3-P7adt-G04
GTTAAGGTTG,G05,CAACCGTACCGCTTGCTTACCgttaaggttgGTGACTGGAGTTCCTTGGC,sciv3-P7adt-G05
GAGTTTAATC,G06,CAACCGTACCGCTTGCTTACCgagtttaatcGTGACTGGAGTTCCTTGGC,sciv3-P7adt-G06
TGCACTACCA,G07,CAACCGTACCGCTTGCTTACCtgcactaccaGTGACTGGAGTTCCTTGGC,sciv3-P7adt-G07
ACTCATCTCT,G08,CAACCGTACCGCTTGCTTACCactcatctctGTGACTGGAGTTCCTTGGC,sciv3-P7adt-G08
ACTCTGGATT,G09,CAACCGTACCGCTTGCTTACCactctggattGTGACTGGAGTTCCTTGGC,sciv3-P7adt-G09
CGAGAGTAGT,G10,CAACCGTACCGCTTGCTTACCcgagagtagtGTGACTGGAGTTCCTTGGC,sciv3-P7adt-G10
GGTTCATCCA,G11,CAACCGTACCGCTTGCTTACCggttcatccaGTGACTGGAGTTCCTTGGC,sciv3-P7adt-G11
AAGTAAGACG,G12,CAACCGTACCGCTTGCTTACCaagtaagacgGTGACTGGAGTTCCTTGGC,sciv3-P7adt-G12
TTTGGTTTCT,H01,CAACCGTACCGCTTGCTTACCtttggtttctGTGACTGGAGTTCCTTGGC,sciv3-P7adt-H01
TCTAACCAGA,H02,CAACCGTACCGCTTGCTTACCtctaaccagaGTGACTGGAGTTCCTTGGC,sciv3-P7adt-H02
TAGACACTAA,H03,CAACCGTACCGCTTGCTTACCtagacactaaGTGACTGGAGTTCCTTGGC,sciv3-P7adt-H03
AGCTATAGTT,H04,CAACCGTACCGCTTGCTTACCagctatagttGTGACTGGAGTTCCTTGGC,sciv3-P7adt-H04
TGGATTGGTC,H05,CAACCGTACCGCTTGCTTACCtggattggtcGTGACTGGAGTTCCTTGGC,sciv3-P7adt-H05
GCAATGCAAA,H06,CAACCGTACCGCTTGCTTACCgcaatgcaaaGTGACTGGAGTTCCTTGGC,sciv3-P7adt-H06
TTTAGCGTCG,H07,CAACCGTACCGCTTGCTTACCtttagcgtcgGTGACTGGAGTTCCTTGGC,sciv3-P7adt-H07
ATATCAGCTA,H08,CAACCGTACCGCTTGCTTACCatatcagctaGTGACTGGAGTTCCTTGGC,sciv3-P7adt-H08
TAGTTAAGGA,H09,CAACCGTACCGCTTGCTTACCtagttaaggaGTGACTGGAGTTCCTTGGC,sciv3-P7adt-H09
GCAAATCTAT,H10,CAACCGTACCGCTTGCTTACCgcaaatctatGTGACTGGAGTTCCTTGGC,sciv3-P7adt-H10
GGATTACTTT,H11,CAACCGTACCGCTTGCTTACCggattactttGTGACTGGAGTTCCTTGGC,sciv3-P7adt-H11
ACACTTGTAA,H12,CAACCGTACCGCTTGCTTACCacacttgtaaGTGACTGGAGTTCCTTGGC,sciv3-P7adt-H12
