TGTCAGAAGC	A01
TATGGGTTTA	A02
ACAGGATAGT	A03
GTCAGGCTAG	A04
TAGAGGCTCT	A05
ACGGAAACAC	A06
TTTCGCAGCT	A07
AATCTGTCCA	A08
AAGGTTACTA	A09
GCCGTTAACC	A10
GCTACTGGTC	A11
CGATAAGTTT	A12
GTTTACAAGC	B01
TATAATGCCA	B02
TGCCTCTTGA	B03
ATGGTACAAC	B04
TACCTTCTGC	B05
GACCTTTAGG	B06
CATCATTCTC	B07
TCTGTAACCG	B08
GCCTTCCAGA	B09
GCCAAATATT	B10
CTCGTCATAC	B11
GACAGAACGT	B12
CGTAGTTAGC	C01
TGGAAGGTAA	C02
AATCGTACTG	C03
CAGAGAAGGA	C04
CAGCAGTAAT	C05
CTTGACAAAG	C06
TGAACTGTCA	C07
CAAAGCCACC	C08
ATAAGTCACT	C09
TCGGTCGGAA	C10
CCTAAGGCAT	C11
TTCTTTGCTT	C12
TCGCTGTTGT	D01
AACTCAGGGT	D02
TCTAGTGGCT	D03
TTTCGTATGA	D04
AAGTATCTGG	D05
TGAACACGAG	D06
TACTCCTATG	D07
TGCTTATAGC	D08
CGGAGTGAAA	D09
GTATGTGGAT	D10
GAACTTCATT	D11
GAGTGAGCTT	D12
TGGGTAGTAT	E01
ATGTAACTGA	E02
AGCCATGCTC	E03
CTAACTCGTA	E04
TAGTTATGCC	E05
TTCCTAGCAA	E06
ATGACATGTA	E07
CTTTGCTTAA	E08
CCAGAATTAA	E09
TTTACGACTT	E10
CTTCTTGTGG	E11
AACACCACTA	E12
TTACCGTAAT	F01
TATTCTCGGT	F02
AAGTTGCTCA	F03
TCCTATGAGG	F04
GACTGCGACT	F05
TAATTGCGAG	F06
ATCAAGCCGA	F07
TTAGAGAAGT	F08
GCTATGATAG	F09
CTTGTTTCCA	F10
GACGGTTTGC	F11
CAAGGCTGTT	F12
ACCTCGCTGT	G01
ATCCAAAGCG	G02
AGTGAGAGGG	G03
GTGTCCAATT	G04
AGAGCTATTG	G05
TAACTCAACA	G06
CTTTCATGGA	G07
TAGCAGACGG	G08
CGTAATAAGG	G09
AGCGCTTTCA	G10
ACGTAAGAGT	G11
TGGACCTTAG	G12
TTAGGTGGAG	H01
TTGATTGCAG	H02
TCGCTTGTCC	H03
GTTAGGAGCC	H04
TCCTACATTG	H05
TGAGTCTGGC	H06
TATAGCTCAC	H07
AGCTAGATCC	H08
GATATTTCCT	H09
AATTATCGTC	H10
GTGAATTCTC	H11
TAATCGGCTG	H12
