GACATGGAAA	A01adt
GCTTGGTATT	A02adt
ATCTTGGTCA	A03adt
TCACGCTCTT	A04adt
CGTGCTGCTA	A05adt
GTATCGCCGT	A06adt
GTAATCGTTT	A07adt
CTCGAGGTTT	A08ad
ACCGATTGAA	A09adt
GAAGATAGAC	A10adt
GCTGCTCAAG	A11adt
ATGTCTATGC	A12adt
AAAGCTCGGC	B01adt
GTCAGTGTGT	B02adt
AATGTCTTAG	B03adt
CGATGCAGGT	B04adt
ACTTTCGAAG	B05adt
AGATACTCAG	B06adt
GCACCGACTT	B07adt
TACCGAGGTG	B08adt
CAACTGTGAA	B09adt
CGGTTAGAGA	B10adt
CTCAGCGATC	B11adt
AGGCCTCTTT	B12adt
AGGATCGCTA	C01adt
CAGGACACTC	C02adt
CCTACCGAAA	C03adt
ATCACCTGCT	C04adt
CACTTACACG	C05adt
CTAGGAGTGG	C06adt
CACGCACCAT	C07adt
CCATGGCTAA	C08adt
TTATCCGTAG	C09adt
CGAATGGAGC	C10adt
TAATTCCTTC	C11adt
TCGACAGATT	C12adt
GAGTGCTTAC	D01adt
GCGTTTAATG	D02adt
AGGAGTCTGA	D03adt
ATATGGACAG	D04adt
GTTCCGCGTA	D05adt
CACCTCAAAT	D06adt
TCATGAAATC	D07adt
TGTTGAAGAC	D08adt
TGCAAGCGTG	D09adt
TATCTGCACC	D10adt
CAGTTAGTCT	D11adt
CCGCCACATA	D12adt
ACTCTAACGA	E01adt
TGTGTCGTCT	E02adt
CTTAACCTTT	E03adt
CTCAATATGA	E04adt
ATTCTGCATG	E05adt
AAATGCGTGT	E06adt
GTGGACGGTA	E07adt
TTCTGAGCGC	E08adt
CAGACTGCAT	E09adt
TTCAGAAGAG	E10adt
GAGAAAGTTA	E11adt
TTGTGCAACA	E12adt
AGCATCCGAT	F01adt
AATGGTGGAG	F02adt
CCTTGAAAGT	F03adt
GTGTTCTCGG	F04adt
CGCGTATTTC	F05adt
AGCTGTAGGC	F06adt
AAGCCGAGCA	F07adt
GTTGAAACCA	F08adt
CGTCCGGTAT	F09adt
CTGGCCTAGT	F10adt
ACTGAACGCC	F11adt
ATAAGAGGTC	F12adt
TGACAAAGCC	G01adt
TGCTCGTTGT	G02adt
GCGATGTGTT	G03adt
CCGAAAGCTG	G04adt
CAACCTTAAC	G05adt
GATTAAACTC	G06adt
TGGTAGTGCA	G07adt
AGAGATGAGT	G08adt
AATCCAGAGT	G09adt
ACTACTCTCG	G10adt
TGGATGAACC	G11adt
CGTCTTACTT	G12adt
AGAAACCAAA	H01adt
TCTGGTTAGA	H02adt
TTAGTGTCTA	H03adt
AACTATAGCT	H04adt
GACCAATCCA	H05adt
TTTGCATTGC	H06adt
CGACGCTAAA	H07adt
TAGCTGATAT	H08adt
TCCTTAACTA	H09adt
ATAGATTTGC	H10adt
AAAGTAATCC	H11adt
TTACAAGTGT	H12adt
