ACTTGATTG	1A1
TCTTAGTTC	1B1
TAACGACTT	1C1
TATCTCGAT	1D1
GGCGTTAAT	1E1
ACGTTGCTT	1F1
CGTACCTAT	1G1
GTCTATGGT	1H1
TAATCAGCT	1A2
TCTATCCAA	1B2
TTTGCTACT	1C2
AAACTCCAA	1D2
GGTACCATT	1E2
AGCGTAAGT	1F2
CTCGTTGAT	1G2
GAGTTCTCT	1H2
TAAGAATGG	1A3
AATTCATCG	1B3
TAAGGTTCA	1C3
TCAAGATCT	1D3
TTGACCAGT	1E3
TGCAAGGTT	1F3
CATCAACGT	1G3
TACTTGCGT	1H3
ACAACCTAT	1A4
TAGATGACT	1B4
AGTATTAGC	1C4
ATAACTTCC	1D4
CGAATGAGT	1E4
CTTCGACTT	1F4
CAGCAAGTT	1G4
GATACGTCT	1H4
ATTCCTAGA	1A5
AAATTCCTC	1B5
ACAGGTATT	1C5
AAGGATATG	1D5
CAAGCAACT	1E5
TTATCCGCT	1F5
TCGAGAAGT	1G5
AGATCGGAT	1H5
TTGATTCCT	1A6
ATTAGGTAC	1B6
TTCCATCTT	1C6
TTACCTAAG	1D6
TTCGTTCCT	1E6
AGAGTACCT	1F6
CCAAGGATT	1G6
TCAGCTTCT	1H6
AAGGATTAC	1A7
TGGTTGAAT	1B7
ATTGATCGT	1C7
ATATCCTAC	1D7
TTGGAGCTT	1E7
CTGAGCATT	1F7
AAGGACGAT	1G7
TCGAAGGAT	1H7
TCCTATAAG	1A8
AACTAGTTG	1B8
TGAATCTGA	1C8
ATTAGTCTG	1D8
TAGGAAGGT	1E8
GCTCTTAGT	1F8
AACTGGCAT	1G8
GGTCAGTTT	1H8
TATAAGAGG	1A9
TTCTTCGTT	1B9
TAGAACCAA	1C9
TGTCCTTAT	1D9
CAGTATCCT	1E9
TGCTGGATT	1F9
GATAAGCGT	1G9
TGATGCGAT	1H9
TATTCTCCT	1A:
AAGTTCTTG	1B:
TTCTCATTG	1C:
TTGACTCAA	1D:
CCTAATGGT	1E:
ACGCTTGAT	1F:
GCGTACTTT	1G:
CTGATAGGT	1H:
TAATACCAG	1A;
ACTTACTCA	1B;
ATATGGATC	1C;
ATACCAGTT	1D;
GAGGAACTT	1E;
CAGCATTGT	1F;
GGCTAAGAT	1G;
GTCTCTACT	1H;
TGGATTCTA	1A<
ACCATGATT	1B<
ATCAGTCAT	1C<
TCCTAACTT	1D<
AGTCGCATT	1E<
ATGGTTGGT	1F<
CTGCCTTAT	1G<
GTCGTAACT	1H<
AAACCATAG	2A1
AAGGCTACT	2B1
ACGATATCA	2C1
AGAGCATGT	2D1
ATAAGCGAA	2E1
ATGGTAACT	2F1
CCAATCCAT	2G1
CGCTGCTTT	2H1
AAACTGAAC	2A2
AAGTACGTT	2B2
ACGCTTATA	2C2
AGAGGTCGT	2D2
ATAATCCTG	2E2
ATTAATGCC	2F2
CCAGCCTTT	2G2
CGGAACCTT	2H2
AAAGCTGAT	2A3
AAGTATTGG	2B3
ACGGAACGT	2C3
AGATTCAAC	2D3
ATACTACTC	2E3
ATTACCATC	2F3
CCATCGTCT	2G3
CGGTAAGGT	2H3
AAATCGTTC	2A4
AATACCGAA	2B4
ACGTCTAGT	2C4
AGATTGGTT	2D4
ATAGTTGAC	2E4
ATTCAAGCA	2F4
CCGACCAAT	2G4
CGTAGGCTT	2H4
AACCTCATT	2A5
AATCCAGTA	2B5
ACTGAATAC	2C5
AGCATAACT	2D5
ATATCTGGA	2E5
ATTCGCAAT	2F5
CCGTCGATT	2G5
CGTCTTCCT	2H5
AACGAGCGT	2A6
AATTCTAGG	2B6
ACTGGACCT	2C6
AGCATTATG	2D6
ATATGCCAT	2E6
ATTCGGAGT	2F6
CCTGCAGTT	2G6
CGTTGATCT	2H6
AACGATCAT	2A7
ACAATGCTA	2B7
ACTGGTTAT	2C7
AGCTATCGT	2D7
ATCAATACG	2E7
ATTGAGGAA	2F7
CCTGCTACT	2G7
CTAACGACT	2H7
AACGCGTCT	2A8
ACATGGTAA	2B8
ACTTATGGT	2C8
AGGATAATC	2D8
ATCTGATGA	2E8
CAACTCTCT	2F8
CGAAGACCT	2G8
CTACCTGGT	2H8
AACGTAATC	2A9
ACATTCGTA	2B9
ACTTCCGTT	2C9
AGGCGGAAT	2D9
ATCTTCAGA	2E9
CAAGGCGTT	2F9
CGAGGCAAT	2G9
CTCCATCAT	2H9
AACTTGGAT	2A:
ACCGGTTCT	2B:
AGAACTCCT	2C:
AGGCTCGTT	2D:
ATGCATTCA	2E:
CAGATCAGT	2F:
CGATTCGCT	2G:
CTCGCATGT	2H:
AAGACCTTA	2A;
ACCTCAATA	2B;
AGAAGTAAG	2C;
AGTAGCCAT	2D;
ATGCTTCCT	2E;
CAGGACTCT	2F;
CGCCATTCT	2G;
CTCTGAGCT	2H;
AAGCAGTAT	2A<
ACGACGCAT	2B<
AGAGATGAA	2C<
AGTTAACCA	2D<
ATGGACTAT	2E<
CATACCGCT	2F<
CGCTAACCT	2G<
CTGACGTTT	2H<
CTTAGCGGT	3A1
GCTTCTGGT	3B1
GTTCGCTGT	3C1
TCGTAGCGT	3D1
TTCCGACGT	3E1
ACGAGGTTT	3F1
CAACGCAGT	3G1
CGACGATAT	3H1
GACCGAATT	3A2
GGATAGGTT	3B2
GTTGCTCCT	3C2
TCTCCGAAT	3D2
TTCTCTCGT	3E2
ACGCCATAT	3F2
CAATCGGTT	3G2
CGAGATGCT	3H2
GACTACCAT	3A3
GGCGACTAT	3B3
TAAGACCGT	3C3
TCTCTCCAT	3D3
TTCTGGCCT	3E3
ACGGCAATT	3F3
CAGAAGGCT	3G3
CGCCGTAAT	3H3
GACTCGCTT	3A4
GGCGCATTT	3B4
TAGCTCGGT	3C4
TGAACGCGT	3D4
TTGAGTCCT	3E4
AGCAACGAT	3F4
CATCGGACT	3G4
CGGTTCCAT	3H4
GACTGACGT	3A5
GGTACGGAT	3B5
TATCCAGGT	3C5
TGCCTTGGT	3D5
TTGCGGTCT	3E5
AGGCATCAT	3F5
CCAGAACCT	3G5
CGTCGAAGT	3H5
GAGCGGTAT	3A6
GGTAGTCCT	3B6
TCAGCGGTT	3C6
TGCGTAGTT	3D6
TTGGCGACT	3E6
AGTTGCGCT	3F6
CCATCAGGT	3G6
CTACGGCAT	3H6
GATTACGGT	3A7
GGTCCTTCT	3B7
TCAGTTGGT	3C7
TGCTCCTAT	3D7
AACCGCTGT	3E7
ATAGTCGCT	3F7
CCATTGCGT	3G7
CTAGTACGT	3H7
GCAACGTTT	3A8
GTACCTCTT	3B8
TCCGGTCAT	3C8
TGGACCTCT	3D8
AAGATGCCT	3E8
ATGCCAAGT	3F8
CCGAGAGAT	3G8
CTATCTCCT	3H8
GCGCTCAAT	3A9
GTAGCGATT	3B9
TCCGTATGT	3C9
TGGCCTGAT	3D9
AAGCGCCAT	3E9
ATGGAGAGT	3F9
CCGGAGTTT	3G9
CTCCAGAGT	3H9
GCGGAGAAT	3A:
GTCGGAGTT	3B:
TCCTACCTT	3C:
TGGTAGGCT	3D:
ACCAATGCT	3E:
ATGGCAGCT	3F:
CCGGATAGT	3G:
CTCCGGTTT	3H:
GCGTCGTAT	3A;
GTCGGCAAT	3B;
TCGCGCATT	3C;
TGGTCGAAT	3D;
ACCGTAGCT	3E;
ATGGCGTAT	3F;
CCGTCTCAT	3G;
CTCCTCGTT	3H;
GCTCGAGAT	3A<
GTTCCAGCT	3B<
TCGGTACCT	3C<
TGGTCTCCT	3D<
ACCTTCGGT	3E<
ATTGCCGGT	3F<
CCTCCTGAT	3G<
CTCTACTGT	3H<
CTGCTGAAT	4A1
GCAATCGCT	4B1
GGTCTACGT	4C1
TACTCCTAT	4D1
TATGCGATT	4E1
TCCTCGAGT	4F1
TGAGTTAGA	4G1
TTCGCATAA	4H1
CTGGAAGAT	4A2
GCAGATACT	4B2
GGTTCGAGT	4C2
TAGAGAGTA	4D2
TATGGTCTT	4E2
TCGAATCTT	4F2
TGATCTTCT	4G2
TTCGCGGAT	4H2
CTTCATGCT	4A3
GCATCCAGT	4B3
GGTTGGCAT	4C3
TAGAGCCTT	4D3
TATTCGGCT	4E3
TCGCCAACT	4F3
TGCCTATTA	4G3
TTCTAAGCT	4H3
GAACGATGT	4A4
GCCATGGTT	4B4
GTAAGCTCT	4C4
TAGCCAATT	4D4
TATTGACTC	4E4
TCGTCTATT	4F4
TGCTAATTC	4G4
TTCTCTAGT	4H4
GAACGGCTT	4A5
GCGGTATAT	4B5
GTAAGGAGT	4C5
TAGGTACTA	4D5
TATTGAGGT	4E5
TCGTTCTGT	4F5
TGCTACTAA	4G5
TTCTTAACC	4H5
GAAGAGGCT	4A6
GCTGAAGCT	4B6
GTAGACGGT	4C6
TAGTTACCT	4D6
TCAGGAGAT	4E6
TCTACTTAC	4F6
TGGATCCGT	4G6
TTGAAGTCT	4H6
GACCAGGAT	4A7
GCTGGCTAT	4B7
GTATCGCAT	4C7
TATAAGGCT	4D7
TCATAGAGT	4E7
TCTAGGAAT	4F7
TGGTAATAG	4G7
TTGAGAGAT	4H7
GACCGTCAT	4A8
GGACTTGAT	4B8
GTCATCTGT	4C8
TATATGCGT	4D8
TCATGGCTT	4E8
TCTATACCT	4F8
TGTTAAGAC	4G8
TTGGAGTTA	4H8
GACGTTCGT	4A9
GGAGCTCAT	4B9
GTCCTGCAT	4C9
TATCATGAG	4D9
TCATTAAGC	4E9
TCTCGCTCT	4F9
TTAATGAGC	4G9
TTGGCAATA	4H9
GACTTGGCT	4A:
GGAGGTTCT	4B:
GTTGCAAGT	4C:
TATCGAACT	4D:
TCCAAGTTA	4E:
TGAATTCGT	4F:
TTATAGGCA	4G:
TTGGCTCAT	4H:
GAGACTAGT	4A;
GGCAAGTCT	4B;
TAACTAAGG	4C;
TATGACTTG	4D;
TCCAATAGT	4E;
TGACGAGGT	4F;
TTCAACTGA	4G;
TTGGTTAAG	4H;
GATCGACCT	4A<
GGCTTACTT	4B<
TACGGTAGT	4C<
TATGAGAAC	4D<
TCCTATTCT	4E<
TGAGAATCA	4F<
TTCCATTAC	4G<
TTTGCTTAG	4H<
