TCCTACCAGT	A1
TTGACTTCAG	B1
ACTATGCAAT	C1
TCTGATACCA	D1
GGTATGCTTG	E1
TCGCGGTTGG	F1
CATTCAATCA	G1
AAGCCAGTTA	H1
GCGTTGGAGC	A2
AGAGCTATAA	B2
CGACGCGACT	C2
GAAGATCGAG	D2
AACCTGCGTA	E2
CGTAGTTACC	F2
CGGATTAGAA	G2
TCTTGCCGAC	H2
GATCTTACGC	A3
CTAAGAGAAG	B3
GATACGGAAC	C3
AAGAAGCTAG	D3
GGCAGACGCC	E3
TCCAATCATC	F3
ATCGGCTATC	G3
AAGACCGTTG	H3
CTGATGGTCA	A4
ACTCAATAGG	B4
TTATCCGGAT	C4
TCCGGCCTCG	D4
TAGCCGTCAT	E4
AATCGATAAT	F4
ACGAAGTCAA	G4
AGGTTAGCAT	H4
CCGAGAATCC	A5
CTTGCGCCGC	B5
TAGAGTAATA	C5
AGAGAAGGTT	D5
CTAGTAGTCT	E5
CCATTATCTA	F5
TTACCTCGAC	G5
TTCGCCTCCA	H5
GCCGCAACGA	A6
GGTACTGCCT	B6
GCAGGTCCGT	C6
CATACTCCGA	D6
ACGCGAGATT	E6
TCAACGTAAG	F6
GGAGGATAGC	G6
AGAGCCAAGG	H6
TGAGTCTGGC	A7
TAGAATTAAC	B7
TCGGCCTTAC	C7
GCTAACTTGC	D7
GGTATCCGCC	E7
TCTAATAGTA	F7
GGCTCTCTAT	G7
AATACCATCC	H7
TGCGGACCTA	A8
GCCATTCTCC	B8
AGAACGTCTC	C8
GGCTGAGCTC	D8
AACTAGGCGC	E8
GATCGCTTCT	F8
CGGTCAAGAA	G8
AGCTCTCCTC	H8
ACGGAGGCGG	A9
TGCCGGCAGA	B9
CCAGTTCCAA	C9
CCGATTCCTG	D9
TCGCTAAGCA	E9
CTAACTAGAT	F9
CGCTCCTAAC	G9
AGCTTATCCG	H9
TAGATCTACT	A10
TTACCGAGGC	B10
ACTTAACCTT	C10
ACCGCCAACC	D10
TATATACTAA	E10
GCTGGAACTT	F10
ATCCATGACT	G10
CATCTCTGCA	H10
AATTAAGACT	A11
ATCATATTAG	B11
CAACCGCTAA	C11
ATAAGGAGCA	D11
ACTTGCTAGA	E11
AGGTTAGTTC	F11
AACCTGGTCT	G11
ACCTGGCCAA	H11
TTATTCATTC	A12
TGGTCAGCCA	B12
GACCTTGATA	C12
CGAACGCCGG	D12
AACCATTGGA	E12
CATTCGACGG	F12
GGTACCGGCA	G12
TAACTGGTTA	H12
